id,name,email,address,date_joined
1,Kristi Garner,dfitzgerald@example.com,"7160 Keith Walk Suite 906 Josephberg, WA 10253",2022-08-15
2,Joseph Lewis,cburns@example.org,"9745 Jean Prairie New Dawnfurt, VI 35079",2020-11-17
3,Cathy Hughes,jennifer02@example.com,"18367 Megan Roads Apt. 049 East Robert, MS 83934",2024-07-01
4,Richard Church,elizabeth61@example.org,"13906 Steven Spurs New Karen, GU 78352",2021-04-12
5,Phyllis Jones,oadkins@example.com,"89892 David Circles North Glennfort, CO 76944",2021-06-28
6,Paula Martinez,kristina80@example.com,"2540 Washington Highway Suite 455 New Christina, GA 16680",2020-01-25
7,Patrick Marsh,devingonzales@example.net,"51956 Allen Parkway Chadfort, MA 06530",2023-08-21
8,Michele Ray,thomasvanessa@example.org,"19436 Richards Circles Suite 005 Medinaton, IL 27922",2023-04-07
9,Andrew Allen,xwilliams@example.org,"3195 Rachel Prairie East Lisa, ID 70308",2024-09-24
10,Kelly Wood,lori70@example.net,"626 Hall Trail Josephport, RI 38990",2020-10-05
11,Vanessa Jones,gpena@example.com,"0489 Webster Walks Apt. 768 Gravesberg, MS 58476",2022-08-15
12,Anthony Dunlap,cwhite@example.net,"68500 David Hollow Apt. 904 Petertown, GU 93726",2024-01-24
13,Mario Werner,dpayne@example.com,"11643 Cunningham Parkways West Sharonview, AK 70032",2022-03-04
14,Brian Jones,jonathanhernandez@example.com,"694 Williams Cape Christianbury, OH 01857",2020-11-23
15,Carlos Casey,cgibbs@example.org,"728 Marc Drive Apt. 140 Virginialand, MT 36930",2023-05-09
16,Jorge Bender,fking@example.net,Unit 3593 Box 0439 DPO AA 10406,2023-11-06
17,David Abbott,yolanda17@example.com,"0926 Strickland Spur Apt. 227 Ronaldview, CT 49817",2022-01-09
18,John Waters,rogerwiggins@example.org,"56507 Johnson Crossroad Travisborough, NM 30600",2024-05-02
19,Kenneth Williams,darrell63@example.com,"2659 Patrick Plains West Joshua, NM 95970",2022-05-24
20,Peter Santos,steven71@example.net,"PSC 3998, Box 0087 APO AA 35361",2020-08-24
21,Tyler Stephens PhD,donna33@example.org,"9310 Lynn Drive Apt. 502 New Nathanfort, OK 27436",2021-12-08
22,Heidi Jones,singhbonnie@example.net,USNV Reyes FPO AE 56487,2023-08-18
23,Susan Ellis,jessicapetersen@example.com,"PSC 1400, Box 8413 APO AP 17514",2020-09-09
24,Susan Ellis,brennannina@example.org,"0104 Peters Lodge Apt. 954 South Codyburgh, PR 38683",2024-07-11
25,Theresa Banks,jonesjohn@example.net,"PSC 6289, Box 0089 APO AA 90301",2021-12-27
26,Savannah Tate,fostersteven@example.org,"52378 Karen Springs Apt. 204 Montoyaburgh, FM 47232",2023-12-19
27,Julie Diaz,denisechase@example.com,"89489 Ryan Trafficway Lake Debbie, HI 58278",2021-01-18
28,Andre Bartlett,rgriffith@example.org,"459 Simmons Ville Suite 578 Jameston, RI 43924",2023-11-17
29,Patrick Bush,kevincrawford@example.org,"45804 Bennett Shore Kinghaven, PW 45748",2024-09-17
30,Kimberly Espinoza,anthony26@example.net,"07927 Kristen Rapid Apt. 513 Huntmouth, NV 91823",2023-05-28
31,Jacob Nichols,higginsjames@example.net,"4591 Gonzalez Parks Suite 481 New Samuel, ND 80083",2022-02-12
32,Dylan Rosales,watkinsdennis@example.net,"83305 Jasmine Bridge Suite 138 Diazstad, IN 14715",2023-04-17
33,Harry Tran,cody26@example.org,"98139 Hutchinson Tunnel Apt. 534 West Blakeport, MT 89073",2023-05-04
34,Charles Fernandez,boothjulie@example.com,"0759 Meadows Road Apt. 985 Marcstad, MD 57657",2023-03-10
35,Amber Lane,phillip81@example.net,"000 Michael Villages Cindyside, CO 74141",2021-11-22
36,Katelyn Brown,rwilson@example.net,"626 Diane Gardens Suite 360 Hickshaven, NJ 13761",2023-01-31
37,Austin Cooper,lwatson@example.com,"66067 Joseph Bypass Apt. 238 Randallchester, TN 37675",2023-09-14
38,Jay Barajas,vmontgomery@example.com,"913 Michael Causeway Taraview, KS 89070",2021-09-18
39,Amber Boyd,zfoster@example.net,"16605 Jackson Forges South Davidburgh, DC 15590",2022-02-16
40,Veronica Stephens,patriciarobertson@example.net,"714 Lisa Parkways Lake Veronicahaven, AS 08726",2021-05-20
41,Thomas Walker,brian50@example.com,"5590 Velazquez Village Barrettburgh, WI 16930",2020-08-01
42,David Wall,kristenjones@example.org,"6159 Allen Knolls Suite 459 Port Anita, NE 91176",2020-10-30
43,Margaret Jordan,cortezdavid@example.org,"500 Alexander Pine Georgeborough, OH 88549",2020-10-17
44,Chad Lee,pwilcox@example.org,"222 Daniel Ramp Apt. 061 Millsland, AS 18570",2020-03-15
45,Christopher Bryant,matthew50@example.com,"402 Carl Walk Robinsonton, PW 59349",2023-10-17
46,Donald Robinson,smithkevin@example.org,Unit 1317 Box 3034 DPO AP 98907,2021-05-19
47,Charles Lopez,valdezderrick@example.org,"PSC 0725, Box 6874 APO AE 79003",2022-03-30
48,Ryan Campbell,fwerner@example.net,"859 Miller Crest Apt. 273 Lake Gordonborough, SD 72283",2020-02-05
49,Susan Owens,steven07@example.com,"1316 Kayla Mall Apt. 500 New Williamchester, MH 13198",2021-01-18
50,Erika Mooney,brittanywalker@example.org,"875 Kenneth Falls Apt. 690 Cooperview, WA 32717",2022-05-07
51,Mathew Harris,brittanylewis@example.org,"37685 Castillo Camp Apt. 835 Mcintyrefurt, NV 76662",2022-10-22
52,Daniel Briggs,xgiles@example.com,"236 Elizabeth Mountain Farrellborough, UT 11651",2023-04-23
53,Sandra Mccoy,lharris@example.net,"1430 Blake Club Virginiaside, GU 88116",2023-05-26
54,Misty White,proberts@example.org,"08109 Jones Loop Bellmouth, GU 59660",2023-02-03
55,Gabriel Rodriguez,edwardskari@example.org,Unit 8669 Box 6719 DPO AP 28653,2021-11-02
56,Andrew Anderson,jodi14@example.net,Unit 7827 Box 5038 DPO AE 08656,2022-10-10
57,Pamela Wolfe,kelsey45@example.org,"87301 Charles Tunnel Johnsonbury, MH 35487",2020-08-21
58,Nancy Torres,spencerpatrick@example.net,"4541 Robert Square Suite 932 Donaldview, SD 24753",2021-06-01
59,Justin Thompson,chambersleonard@example.net,"00954 Reyes Well Apt. 582 Amyshire, NE 32348",2023-01-14
60,Kristen Arroyo,mcclurejoshua@example.org,"PSC 2769, Box 9600 APO AE 15944",2020-06-02
61,Brenda Rose,fbush@example.com,"532 Nelson Loop Suite 729 South William, KY 24592",2022-03-14
62,Vanessa Brady,cford@example.net,"007 Katherine Isle New Adriana, FM 60073",2023-09-12
63,Zachary Schwartz,robertnelson@example.com,"4887 Griffin Shoals Apt. 838 Myersbury, DE 71855",2022-10-12
64,Dr. Brandy Aguirre DDS,jamesroberts@example.com,"20641 Mark Harbor Penningtonland, TX 08602",2022-07-21
65,Robert Carter,tnewman@example.org,"283 Simmons Extension Craigfort, NE 25768",2021-11-18
66,Mary Cox,loricooper@example.net,"0604 Hill Inlet Michaelaview, GA 86352",2024-01-14
67,Thomas Watson,medinamary@example.org,"PSC 0156, Box 2772 APO AE 97766",2021-12-20
68,Angela Norris,anthonylong@example.net,"1571 William Courts Apt. 348 Normaton, PA 25952",2024-04-01
69,Alexander Kirk,bryan09@example.com,"52027 Ruiz Freeway North Christopher, UT 46581",2024-06-14
70,Kimberly Kim,yhubbard@example.net,"0204 Klein Walk Katherinehaven, CT 63496",2020-06-15
71,Rachel Rowe MD,mpeterson@example.org,"2505 Madeline Branch Rhodesborough, KS 17176",2020-05-01
72,Ralph Richards,edward00@example.org,"9267 Heather Groves Teresaland, MN 00890",2021-05-19
73,Garrett Miller,salazaralison@example.org,"1135 Susan Stravenue Parkermouth, PR 93987",2020-04-12
74,Stephen Donaldson,churchjoseph@example.net,"396 Rivera Gardens Apt. 761 West Jeffreystad, MP 82897",2024-01-09
75,Lisa Winters,garciajennifer@example.com,"2941 Alexis Row Suite 800 Schroederborough, ID 69224",2022-06-19
76,Zachary Golden,georgeroman@example.net,"05915 King Curve Suite 947 Jamesport, MO 44609",2022-10-21
77,Christine Koch,ellishayley@example.org,USCGC Matthews FPO AE 04045,2022-12-12
78,Aaron Holt,robertsryan@example.com,"18214 Rebecca Manor Suite 941 Wadeland, WY 67820",2022-10-29
79,Drew Henderson,russellmartin@example.net,USNS Cook FPO AA 20502,2023-11-04
80,Sarah Levine,joseph13@example.org,"985 Ochoa Center West Tiffanyland, MI 89041",2021-06-21
81,Charlene Weber,esparzarachel@example.com,"77287 Hawkins Court New Amy, TX 33358",2021-11-16
82,Daniel Barton,william31@example.com,"01706 Jensen Well Edwardchester, AR 27804",2023-02-02
83,Elizabeth Turner,vking@example.net,"182 Hopkins Vista Apt. 435 Stanleyburgh, TN 73317",2021-09-23
84,Stephen Brady,melissahanson@example.com,"3289 Taylor Harbor Port Barbaramouth, MA 66712",2024-02-18
85,David Watson,feliciaoneill@example.org,"360 Neal Points Suite 202 Brittanyview, NV 51417",2021-11-21
86,Michael Fletcher,michaelhughes@example.com,"46436 Tammy Ford Suite 214 Leonardside, IL 16615",2023-09-27
87,Joshua Adams,nicole20@example.com,"9928 Moran Groves New Phillipland, UT 02711",2021-12-18
88,Jessica Fisher,michael37@example.org,USNS Watson FPO AE 08181,2023-01-19
89,Randy Garcia,nancyscott@example.org,"70562 Barry Shoal New Cody, MA 22095",2024-02-06
90,Dr. Thomas Hodges DDS,holly68@example.org,"00383 Hoover Parkways Josephtown, IA 57124",2022-07-26
91,Craig Ramirez,marshallderrick@example.net,USS Edwards FPO AE 20317,2020-03-10
92,Robert Bradley,hickscarol@example.com,"776 Green Vista North Richardside, GA 37964",2023-01-26
93,Matthew Jackson,sonya74@example.com,"8025 William Keys Apt. 610 West Toddchester, CT 63266",2022-02-25
94,Tina Brown,david73@example.net,Unit 8518 Box 1876 DPO AP 70289,2020-02-17
95,Carrie Miller,stephen02@example.net,"7745 John Shores Apt. 107 Reynoldsside, ND 03800",2022-05-16
96,Sara Campos,cookadam@example.com,Unit 2163 Box 4801 DPO AP 59520,2023-01-24
97,Mr. Paul Reed DDS,victoriatucker@example.net,USNS Kaufman FPO AE 21418,2022-01-10
98,John Mitchell,tonya80@example.net,"209 Gregory Cliff East Patrick, MS 48660",2023-02-28
99,Lindsey Bates,andrewwhitaker@example.com,"6663 Dustin Curve Suite 283 Lake Edwardstad, FM 32568",2024-08-08
100,Crystal Brooks,kristina74@example.org,"454 Daniel Field Jensentown, MT 17514",2022-02-06
101,Mrs. Jessica Moran,davidmccarthy@example.org,"353 Simmons Street Kyleview, OR 08127",2023-02-13
102,Thomas Rush,aerickson@example.org,USCGC Morgan FPO AA 01677,2022-03-03
103,Elizabeth Stone,imartinez@example.org,"144 David Port Apt. 435 West Tanyaton, MT 15604",2023-09-13
104,Joseph Parker,andrew16@example.org,"96810 Whitney Ridges North Amandafort, TX 12325",2021-10-28
105,Lawrence Larsen,michellebenson@example.com,"549 Steven Island Apt. 875 Pagetown, IL 29481",2024-05-21
106,Christopher Nicholson,paul63@example.net,"5531 James Island Apt. 851 Sanchezburgh, UT 10239",2024-03-15
107,James Morrison,zferrell@example.net,"6116 Kenneth Shore Lake Lisamouth, MP 22749",2024-08-13
108,Jeremy Thomas,watkinscolleen@example.com,"59707 Cody Port Moorestad, WV 53810",2024-01-14
109,Susan Garner,petersenpaul@example.org,"26477 Griffin Stravenue Apt. 886 Port Danielleville, PA 14894",2021-01-19
110,Kimberly Dickson,megan13@example.com,"7143 Ruth Burg Suite 041 Port Erica, SC 39673",2024-09-22
111,Thomas Jackson,monicacarter@example.com,"824 Russell Spurs Apt. 846 Amyville, VT 91079",2024-08-08
112,Mr. Jeremy Gutierrez,denisestanton@example.com,"764 Tammy Field Apt. 318 Williamsmouth, CA 36202",2022-11-26
113,Cindy Ramirez,jennifer16@example.com,"8620 Collin Isle Lake Heatherland, KS 44745",2023-03-28
114,Jeffrey Sutton,bartlettkathleen@example.net,"38896 Hall Throughway Suite 836 Mercertown, VT 37487",2020-10-15
115,Megan Hayes,lisamiranda@example.com,"136 Rasmussen Inlet Suite 862 North Jefferyside, KS 87232",2023-01-06
116,Kenneth Diaz,cooperkenneth@example.com,"017 Velazquez Mount West Colleenberg, NM 04840",2023-03-16
117,Steven Lopez,gardnershelia@example.net,"6634 Tamara Overpass Randallville, CT 46088",2023-06-23
118,Jacob Williams,nhernandez@example.net,"38979 Martinez Lakes Apt. 030 Ayalafurt, VA 40057",2021-01-21
119,Barry Ortiz,julia33@example.net,"50482 Kyle Fort South Mistystad, MI 46485",2021-02-05
120,Jennifer Ford,brandon00@example.com,"737 Ricardo Wells Amyshire, NH 34637",2021-08-20
121,Bradley Wilson,sblackburn@example.net,"419 Kim Track Hollystad, IL 91804",2022-07-26
122,Cynthia Price,brian90@example.com,"99732 Flores Turnpike Apt. 574 East Michelle, VT 03526",2020-08-06
123,Julie Patel,ofloyd@example.org,"43252 Patrick Mountains Suite 724 North Philip, IA 13472",2020-04-15
124,Jeffrey Bates,campbelljoseph@example.com,"4492 Kenneth Skyway Stoneview, ID 07123",2020-05-12
125,Charles Martin,martinezangela@example.com,"PSC 7812, Box 8794 APO AP 01914",2022-11-12
126,John Farmer,christopher38@example.com,"407 Rodriguez Spurs Suite 006 Silvastad, IN 61452",2021-09-09
127,Kelly Martin,valdezpeter@example.org,"468 Pitts Lights Apt. 440 Grayhaven, KS 63548",2021-12-07
128,Dawn Allen,gonzalezandrew@example.org,"676 Shannon Via Pacestad, FM 08154",2021-09-30
129,Robert Ortega,merrittmichelle@example.net,"916 Jackson Row Lake Kevin, HI 63048",2021-09-05
130,Patrick Schneider,samantharivera@example.com,"5833 Stephanie Overpass Suite 735 South Jeffreybury, NY 80687",2023-05-29
131,Samuel Lewis,lopezeric@example.net,"53441 Kelly Hills New Victoriafurt, DE 65303",2024-04-27
132,Andrew Mercer,knappjennifer@example.org,"51348 Julie Bypass Suite 821 Port Cindy, NH 80556",2021-03-17
133,Shaun Adams,wlee@example.org,"124 Brian Ridge Apt. 053 South Nathanton, KY 89105",2020-12-16
134,Patrick Smith,sampsonrebecca@example.com,"115 Tyler Overpass Suite 916 North Jamie, ID 20097",2024-05-02
135,Brandon Cain,brittany16@example.com,"844 Harris Cape Apt. 956 Richardshire, DE 37028",2024-05-26
136,Nicholas Harper,timothy49@example.org,"8731 Nichols Plains North Teresa, AS 08891",2024-06-13
137,Jessica Garner,monique02@example.org,"852 Johnson Canyon Freemanchester, IL 26659",2021-03-20
138,Mark Brown,cthompson@example.net,"91117 Martinez Point Lake Matthew, AS 92148",2021-07-15
139,Courtney Harper,hchapman@example.com,"04822 Eugene Lodge Lake Erichaven, OR 90932",2023-02-07
140,Rebecca Lindsey,gregorywilson@example.com,"43304 Torres Cape West Justinbury, CT 70945",2024-01-26
141,Kelsey Zimmerman,durhamcynthia@example.net,"30429 Wood Meadows Suite 285 South Markside, FL 77825",2023-02-20
142,Dr. Heidi Olson MD,josephjohnson@example.net,"273 Willie Turnpike Apt. 540 Andreafort, SC 94826",2020-10-06
143,Kathryn May,lindalarsen@example.com,"77853 William Lodge Apt. 685 Lake Kimberlyview, GU 84816",2022-05-11
144,Mary Nelson,wrightheather@example.net,"01348 Chad Curve Apt. 425 West Lisa, CT 98207",2024-08-11
145,Jeffery Sanders,elizabethstephens@example.net,"753 Jason View Apt. 581 Connerview, TN 74545",2022-07-07
146,Margaret Hoffman,fperez@example.org,"55595 Holmes Loaf Apt. 378 Gordonchester, MA 78522",2021-10-13
147,Jessica Ramos,robertcarpenter@example.org,"15908 Deanna Lodge Rachaelland, NY 76697",2023-03-28
148,Jose Reed,mitchellpatrick@example.org,"135 Richard Row Apt. 865 South Thomas, WV 00592",2020-04-19
149,John Evans,jshields@example.net,"66499 Johnson Camp Gregorystad, HI 15093",2021-08-16
150,Robert Hall,nicholas40@example.org,"4635 Lawrence Vista Apt. 948 West Timothy, PW 48049",2023-01-30
151,Caitlin Zimmerman,jenniferallen@example.org,"603 Murphy Lodge Port Nicolemouth, IL 06386",2024-07-07
152,Scott Russo,rachel08@example.net,"89857 Edwards Fords Apt. 807 East Marisaton, HI 27277",2020-01-22
153,Paige Zavala,lgomez@example.com,"442 Koch Orchard Suite 137 Port Sharon, PA 99356",2022-08-01
154,David Bishop,bryan@example.net,"805 Archer Extension Apt. 918 North Angelica, VI 39868",2023-09-13
155,Ethan Wilson,washingtonjessica@example.org,"13325 Bailey Mountain Suite 080 Kristyport, NE 33983",2024-03-10
156,Lauren Brewer,carterdavid@example.com,"83051 Cole Ranch Apt. 700 Lake Mistybury, ME 20043",2022-12-23
157,Elizabeth Sanchez,morseamanda@example.org,"2881 Trevor Isle Suite 883 Kristinhaven, AL 45451",2021-02-18
158,Kimberly Smith,kendragarcia@example.org,"458 Alexander Spring Lake Andrea, KS 53600",2021-07-10
159,Lucas Ruiz,sarah52@example.com,"6158 Daniel Turnpike Suite 513 Lake Daltonchester, OK 93754",2020-02-09
160,Brittany Curtis,christopherphillips@example.net,Unit 4820 Box 5661 DPO AP 03247,2021-08-09
161,Mrs. Laura Jackson,denise00@example.org,Unit 4792 Box 0031 DPO AE 13912,2022-04-26
162,Mrs. Rebecca Johnson,mahoneyjoshua@example.net,"51433 Rose Wall Apt. 798 Davistown, NM 86465",2023-06-07
163,Lori Norris,brian18@example.org,"5286 Roger Brook Apt. 349 East Cheryl, FM 27112",2021-04-29
164,Misty Vazquez,fchristensen@example.com,"7982 Ortega Estate Lake Ashleyshire, IA 54890",2021-09-19
165,Melissa Murphy,rmoody@example.org,"36603 Gomez Parks Suite 592 Wolfburgh, DC 76814",2021-02-22
166,Dennis Bishop,ywilson@example.net,"5119 Salas Isle East Kevinhaven, RI 25970",2023-02-05
167,Brent Elliott,kristenrichardson@example.net,"4015 Travis Inlet Suite 794 Garzabury, PA 97145",2021-08-25
168,Jason Andersen,slong@example.net,"789 Brown Row New Amandahaven, VI 24892",2024-04-09
169,Jamie Mata,pdickerson@example.net,"179 Sullivan Extension Nicholasside, AR 24201",2020-10-08
170,Dennis Rodriguez,vmorton@example.com,"017 Mary Gardens Suite 335 Littlemouth, TX 61270",2020-08-03
171,Timothy Sanders,alexisstrong@example.net,"529 Welch Ridge Suite 108 North Richard, NM 56679",2020-09-05
172,Ryan Downs,ehamilton@example.org,"3884 Morse Oval West Brian, UT 49627",2023-07-05
173,Toni Warren,hooverkimberly@example.org,"557 Salazar Rapid Scotttown, NV 40009",2021-02-06
174,Jason Carr,esmith@example.com,"550 Armstrong Estates Martinezchester, OK 98340",2024-08-21
175,Jacob White,sarahelliott@example.net,"8588 Ryan Keys Apt. 064 Christianburgh, ID 06887",2022-03-10
176,Deborah Hamilton,cgreen@example.com,"036 Amanda Summit Suite 341 Brownfort, MA 57799",2024-02-03
177,Miranda Moore,courtneyrussell@example.com,"7829 Lauren Burgs Amyview, NY 44351",2023-12-17
178,Mia Gutierrez,tammy29@example.org,"53414 Robert Ramp Brianview, WY 36733",2024-03-20
179,Anne Young,alejandro09@example.net,"3245 Roberson Fall Rachelbury, UT 57082",2023-12-03
180,Richard Williams,chadgilbert@example.org,"5945 Travis Overpass Suite 088 South Heather, NV 62334",2023-12-02
181,Jacqueline Howard,lisayoung@example.org,"5176 Fowler Garden West Heatherburgh, SC 63949",2023-04-06
182,Christian Shepherd,kari48@example.com,"7305 Quinn Track Apt. 593 Port Elizabeth, GA 77234",2021-07-18
183,Tiffany Simpson,hbrown@example.org,"960 Eric Manors Port Patriciaberg, IA 61892",2022-12-09
184,Holly Jones,maryclark@example.com,"97974 Anne Dale Suite 953 Port Rebecca, NV 41250",2021-08-14
185,Sylvia Kelly DVM,ortizjohn@example.com,"889 Foster Haven South Christianton, WV 32325",2021-12-10
186,Mark Romero,angelacarroll@example.net,"151 Gabrielle Point Samanthaborough, MP 76452",2022-05-06
187,Sherry Freeman,perezjeremy@example.com,"29631 Jones Ports Apt. 867 Micheletown, NJ 89234",2021-11-10
188,Kendra Fuller,kaylareyes@example.net,"67087 Price Brook Apt. 839 Lake David, NH 30237",2022-05-03
189,Richard Harris,jefferycardenas@example.org,"23635 Michael Garden New Emily, OR 91243",2021-05-26
190,James Anderson,christopher12@example.org,"061 Nancy Drives Apt. 316 Port Jasonside, LA 52433",2021-02-26
191,Kerry Barron,raymartin@example.org,"59172 Robin Plain Suite 946 Jenniferhaven, PA 23624",2023-04-28
192,Cassidy Ward,corey28@example.org,"7588 Jason Trace Port Heather, VA 78270",2021-03-06
193,Debra Obrien,carlsonanthony@example.com,"3092 Snyder Roads Suite 817 East Anthony, GA 51876",2024-04-29
194,Rachel Watkins,sullivankatherine@example.com,Unit 4082 Box 6342 DPO AA 93102,2022-07-28
195,Thomas Perez,jameswarner@example.org,"7434 Danielle Corners Suite 059 Port Christine, DC 23479",2022-05-09
196,Alexandra Steele,marcus73@example.net,"7466 Matthew Glen Johnsonstad, OR 56098",2023-04-25
197,Susan Bell,iray@example.com,"24908 Jacob Square Tapiaport, NV 37200",2022-08-27
198,Jacob Burgess,brianwhite@example.net,"16884 Ortiz Track Suite 989 West Amanda, KS 27227",2020-01-12
199,Mrs. Kristina Cox,acurry@example.com,"9538 Cummings Cape South Andrea, PR 01862",2020-02-28
200,Cynthia Jones,kimberly57@example.com,"83598 Hayes Expressway Apt. 323 Julieton, NH 80087",2023-02-04
201,Fred Aguilar,johnrich@example.net,"PSC 6884, Box 6627 APO AP 39368",2023-11-20
202,Veronica Garcia,afranco@example.com,"11113 Eric Mountains Suite 849 Lake Eric, FM 56591",2024-09-06
203,Joshua Singleton,nicholas57@example.org,"74791 Sparks Keys Dennisside, MT 75637",2021-08-22
204,Wendy Chavez,cathymcdaniel@example.com,"64324 Adams Courts Mcdanielland, MT 57482",2022-02-01
205,Eric Randall,burkesarah@example.com,"7261 Heather Gateway Port Amyborough, HI 28223",2022-10-27
206,Debra Savage,jared80@example.org,"7554 Anderson Fords Suite 465 Amandaborough, KS 74643",2021-08-27
207,Brittany Esparza,jamesdavis@example.net,"34961 Brianna Shores Sarahside, AK 61969",2021-04-03
208,Crystal Jordan,qfitzgerald@example.com,"67274 Danielle Road Suite 606 North Michaelville, FL 75828",2023-01-18
209,Kelly Burnett,amycallahan@example.net,"1850 Ward Isle Sarahborough, SD 82983",2020-02-17
210,Mark Russo,bromero@example.org,"203 Mitchell Land Suite 917 Port Benjamin, NV 88186",2024-07-22
211,Matthew Hill,smithheather@example.net,USNV Washington FPO AP 43227,2024-04-19
212,Cathy Lopez,robert15@example.com,"0475 Paige Center Suite 404 Hannamouth, PA 85375",2020-02-10
213,Shawn Harrison,moransamantha@example.org,"5865 Sarah Station Rodrigueztown, OR 32408",2021-11-16
214,Elizabeth Moore,ryanfoster@example.com,"605 Robert Tunnel Suite 871 Smithshire, IA 92858",2020-02-10
215,Rachael Anderson,qcarrillo@example.org,"42308 Christina Walks Apt. 786 Jonesmouth, GU 74584",2024-04-29
216,Kenneth Hernandez,sylvia11@example.net,"853 Michael Extension Suite 825 New Joshua, MP 02954",2020-08-15
217,Douglas Bell,aaronjones@example.org,"8083 Jones Brooks Apt. 532 South Kathrynville, NC 68632",2024-02-20
218,Ms. Denise Miller,victoria79@example.com,"90269 Hess Radial Nicholasmouth, OR 99178",2021-01-14
219,Kim Watson,timothy92@example.net,"6792 Joseph Drive Port Karenburgh, NC 97656",2023-07-04
220,Christopher Cox,kristinamoore@example.org,"63964 Becky Fall Apt. 026 Port Sara, NV 02405",2020-07-18
221,Heather Armstrong,ginacole@example.com,"29124 Sanchez Landing Apt. 969 Andersonhaven, IL 68955",2021-07-14
222,Jasmine Gordon,matthew18@example.com,"40873 Guzman Knolls Danielstad, FM 44255",2020-06-14
223,Tina Curry,yroth@example.org,"788 Munoz Roads Apt. 373 Jessemouth, MD 47215",2023-03-18
224,Craig Mann,ronaldporter@example.org,"PSC 7860, Box 5069 APO AA 13672",2024-03-29
225,Mr. Eric Chen,vewing@example.net,"63929 Horton Plains New Laura, PR 80337",2023-04-13
226,Daryl Gonzalez,trevinokara@example.net,"476 Mario Manor Port Annette, NH 32547",2022-05-04
227,Michael Bird,drewalvarado@example.org,"8577 Sullivan Point Lake Suzanne, RI 28833",2020-12-27
228,Patrick Wallace,tglover@example.com,"44454 Holland Unions West Nicole, KS 01001",2021-10-05
229,Brandon Turner,zoe89@example.net,"33015 Dana Fords Suite 484 Lisachester, IA 98156",2024-02-04
230,Jason Brown,welliott@example.org,"34947 Elizabeth Island Suite 880 Lake Joseph, DE 32112",2021-10-28
231,Jennifer Jones,william80@example.org,"404 Tyler Field Suite 723 New Charlesmouth, OR 67778",2022-02-19
232,Robert Hart,dylan71@example.net,"030 Martinez Lane Michellebury, GA 73922",2021-08-25
233,Tina Anthony,chavezdebra@example.org,"800 Smith Spur Suite 968 Tinabury, PW 93063",2021-08-27
234,Richard Hensley,vpowell@example.net,"22172 Brandon Meadow South Janetmouth, GU 34470",2021-03-28
235,Dustin Griffin,joseph47@example.com,"07345 Kim Well Suite 993 Gaystad, KS 35411",2021-02-25
236,Donna Mccarthy,lpatterson@example.net,"40714 Mark Union West Andrewport, KY 99016",2021-05-05
237,Bonnie Brown,julia85@example.net,"13419 Robin Knolls Zhangborough, IA 18874",2023-04-04
238,Debra Figueroa,jody19@example.net,Unit 8356 Box 4816 DPO AA 41697,2023-08-17
239,Gregory Williamson,trevorperry@example.net,"6471 Jennifer Passage Suite 048 New Kellyshire, MS 41322",2020-10-18
240,Wayne Jimenez,christinawright@example.com,"16911 Bridget Mills Port Katieport, NM 36106",2023-10-15
241,Megan George,sharonwells@example.org,Unit 5569 Box 2341 DPO AA 59557,2022-09-04
242,Rebecca Harrison,austin88@example.org,"064 Alvarado Parkway Lake Kenneth, UT 60877",2022-09-25
243,Kimberly Coleman,hollyschroeder@example.org,"91158 Krista Fort Leemouth, MA 72416",2024-06-03
244,Robert Gonzales,wpena@example.net,"345 Mikayla Stream Apt. 937 East Mollyhaven, KS 36167",2020-07-06
245,Juan Mitchell,finleyjennifer@example.net,"192 Michael Point Apt. 195 Lake Sarah, MA 08227",2022-11-19
246,Maria Glass,haleystephanie@example.net,"5607 Bradley Wall Suite 817 Lake Wendyside, MS 93708",2024-01-11
247,Lindsay Smith,hortonchristine@example.net,"1040 Kayla Village West Heidi, UT 26890",2021-06-07
248,Kara Rosales,benjamin93@example.com,"397 Michael Spurs Colleenton, CA 36642",2020-06-02
249,Andrea Flores,lindsay53@example.net,"682 Jacqueline Brook East Benjamin, KY 31024",2020-02-27
250,Tyler Foster,lamjohn@example.org,"521 Velez Walks Apt. 535 Lake Michaelchester, MA 57604",2024-03-13
251,Mr. Andrew Anderson,zparker@example.com,"PSC 9399, Box 6347 APO AE 15863",2024-01-30
252,Kimberly Short,cortezdestiny@example.com,"564 Elliott Prairie South Brendan, PA 11104",2021-02-12
253,James Andrews,andradejames@example.org,"377 Christina Stravenue Lindamouth, WY 28880",2022-08-08
254,Michael Robbins,charles84@example.org,"4324 Barber Greens Apt. 685 New Cynthia, OR 88062",2022-04-05
255,Patricia Payne MD,ksilva@example.org,"14634 Luna Viaduct Suite 524 Hallstad, FL 18408",2024-07-08
256,Nicole Leblanc DDS,elee@example.org,"0442 Mcdonald Lights Apt. 876 East Martin, VA 62074",2022-08-14
257,John Myers,cherylrichardson@example.org,"81265 Alexander Unions Susanshire, NC 29479",2021-06-26
258,Charles Schwartz,markjohnson@example.org,Unit 2050 Box 7062 DPO AP 43882,2022-02-16
259,Traci Griffin,smiller@example.net,"847 Emily Oval Apt. 899 Greeneside, VT 40755",2020-10-23
260,Ellen Hughes,wooddavid@example.org,"PSC 2771, Box 0175 APO AE 60993",2020-09-02
261,Amanda Simon,cassandracortez@example.com,"55348 Diana Cove Elizabethport, WA 29880",2023-08-04
262,Jerry Clark,gordonray@example.org,"0674 Ryan Streets Lake Johnborough, FM 99870",2022-06-05
263,Adrienne Banks,ariasthomas@example.org,"5669 Alvarado Plaza Suite 129 Williamstown, OR 79758",2023-04-22
264,John Manning,harrisonlisa@example.net,"3782 Stone Views New Vanessaville, MN 21200",2021-08-16
265,Daniel Miller,colleenwilson@example.net,"8405 Maurice Road Apt. 930 East Robert, NC 63241",2020-09-10
266,Kelly Martinez,scottmcfarland@example.com,"0840 Hampton Center Apt. 950 Ronaldborough, MT 87963",2022-12-22
267,Haley Ramirez,ericbennett@example.org,"4425 Antonio Roads Lake Veronica, NM 20322",2024-08-16
268,Jenny Brown,ryancampbell@example.com,"44266 Krueger Estates Wilcoxbury, NH 34232",2023-02-25
269,Bryan Reynolds,dnewton@example.net,"8551 Elliott Summit North Christopherside, NV 44332",2020-06-11
270,Samuel Mcgrath,andersonpaul@example.org,"54275 Mark Fall Suite 392 East Evanborough, NM 17081",2020-11-19
271,Christopher Bell,ugreer@example.net,"869 Heather Squares Suite 155 Port Patrickhaven, UT 94205",2022-09-22
272,Sheila Baker,caldwellaaron@example.net,"604 Mary Forge Apt. 558 Nielsenview, MA 79004",2024-10-01
273,Kelly Hall,brandonlopez@example.org,"61829 Vasquez Stream Garciabury, KY 38996",2020-04-06
274,Lacey Craig,jason69@example.com,"514 Haynes Street Apt. 593 Shieldshaven, NH 47161",2023-08-01
275,Ashley Johnson,jessica28@example.com,"17004 Walls Course Suite 936 Williamston, MD 16295",2024-01-19
276,Antonio Conway,kennethnelson@example.com,"903 Patrick Motorway Suite 870 New Nicholasview, IN 72739",2024-09-25
277,Ms. Courtney Hamilton,williamssamantha@example.net,"7636 Timothy Grove Apt. 371 Lake Bradley, OR 34521",2023-04-08
278,Nathan Knox,melissahall@example.org,"9644 Kimberly Meadows Apt. 974 East Jesse, WV 60848",2020-10-23
279,Ethan Davis,ashley03@example.org,"47853 Castillo Valleys Port Stefanie, MD 14455",2020-11-11
280,Nancy Foley,ymosley@example.com,"106 Tom Hollow Youngborough, TN 21799",2023-09-30
281,Christina Spencer,zachary46@example.com,"4583 Shane Village Gregoryville, MP 34816",2020-04-27
282,Zachary Jones,gshaffer@example.net,"68645 Lynch Drive Apt. 608 Lake Chelseyborough, KS 27796",2024-07-09
283,April Porter,qedwards@example.net,"7150 Valdez Mill South Katelynfurt, IN 02440",2020-03-26
284,Mr. Patrick Williams,nedwards@example.org,"900 Ward Common Suite 718 Davidbury, HI 59201",2022-04-17
285,Christian Benson,christine92@example.net,"1295 Jaime Shoals Hamptonton, KS 15600",2021-12-10
286,Tara Nguyen,jocelynrivera@example.org,"95339 Kayla Cliffs Suite 656 Sampsonmouth, VA 65369",2021-01-30
287,Mr. Robert Flores,agomez@example.net,"PSC 8226, Box 9127 APO AA 47767",2021-04-16
288,Jonathan Long,phillip89@example.net,"8472 Wood Drive Suite 050 Markton, WY 88512",2023-08-07
289,Michael Anderson,meganedwards@example.com,"6407 Jessica Ridges Suite 792 New Joshua, LA 78063",2024-02-19
290,Whitney Ryan,jacksoncynthia@example.org,"85022 Williams Mountain Apt. 778 South Laura, FM 56418",2024-08-13
291,Matthew Sullivan,nicolemyers@example.org,"8323 Dillon Green Suite 894 North Brendaville, TN 81665",2020-07-21
292,Yvonne Combs,wmolina@example.com,"4561 Dunlap Extension South Mikayla, MO 16799",2020-08-05
293,Christopher Jones,frederick23@example.com,Unit 4979 Box 8628 DPO AE 81105,2021-05-26
294,David Silva,rowekevin@example.com,Unit 8744 Box 1119 DPO AA 91951,2023-11-06
295,Austin Aguilar,william07@example.org,"2387 Valdez Path Suite 606 Justinshire, MT 02719",2024-04-08
296,Scott Atkins,tsaunders@example.com,"404 Browning Squares Suite 179 Lindashire, KS 05689",2020-11-22
297,Jeff Waters,esmith@example.net,"03111 Miller Mission Shawhaven, NV 65454",2020-06-03
298,Hayley Lane,johnsonchad@example.com,"8645 Lee Dale Apt. 714 East Lacey, PR 11526",2020-08-04
299,Ryan Blair,hscott@example.net,"19664 Williams Prairie Port Rodney, CO 77950",2022-07-02
300,Jason Rogers,melissacarter@example.net,"2669 Monica Rue Suite 838 South Steven, NY 65544",2024-02-06
301,Grace Robles,qmorgan@example.net,"5524 Roberts View Lake Kellyburgh, NC 62680",2023-01-03
302,John Sanchez,swilliams@example.net,"95903 James Unions Suite 374 Juliamouth, KS 31798",2021-02-07
303,Nathan Walker,pruittwendy@example.net,"02100 Sharon Mount Suite 788 North Stephanieburgh, CA 91610",2024-09-13
304,Kristin Martinez,webstermegan@example.net,"PSC 0657, Box 4960 APO AA 95556",2021-10-13
305,Jeremy Velasquez,cwong@example.com,"9440 Annette Squares Kelseytown, CA 96055",2022-09-21
306,Monica Brown,ylewis@example.com,"025 Macdonald Parks Suite 843 North Jason, KY 01338",2021-06-20
307,Carl Williams,vhicks@example.com,"4897 Jennifer Station Suite 642 Ramirezland, NH 11445",2021-04-08
308,Richard Gill,lisa39@example.net,USNV Owen FPO AP 30872,2023-08-24
309,Ronald Lopez,michaelmendez@example.net,"8276 Norton Light Suite 998 West Jenniferview, UT 48012",2021-02-27
310,Benjamin Sutton,morganbenjamin@example.com,"48297 Charles Fall Suite 249 Morenoberg, WY 90710",2024-01-05
311,Hannah Scott,fgregory@example.com,"5496 Fernandez Estate Suite 294 Lake Jefferyborough, OK 07533",2021-01-20
312,Taylor Smith,debra55@example.com,"137 Pacheco Stravenue Patriciashire, ME 33394",2022-12-21
313,Robert Taylor,vfrey@example.com,"31885 John Mission Suite 456 Nicholasside, MP 70038",2021-08-30
314,Tiffany Contreras,petersonpaula@example.com,"33626 Mcmahon Camp Burkeland, PW 11622",2024-03-14
315,Taylor Ponce,nicholsalexander@example.com,"4850 Catherine Shoal Connieshire, CO 25385",2020-01-11
316,John Ellison,matthew69@example.net,"0655 Susan Manor Port Jenniferburgh, WI 56862",2021-04-09
317,Andrea Washington DDS,toniwise@example.org,"699 Carl Ferry Suite 512 West Rhondaburgh, NV 53737",2023-08-06
318,Karen Briggs,james73@example.com,"260 Harris Drives Apt. 221 Markborough, GU 82110",2023-09-28
319,Jonathan Rios,mccallgina@example.org,"25291 Paul Lakes Apt. 064 West Jacquelinefort, NC 41210",2020-02-07
320,Megan Sherman,gnorris@example.net,"79790 Miller Village Port Jane, AZ 25229",2023-10-17
321,Mark Adams,priscillaoliver@example.org,"0611 Mitchell Throughway Apt. 859 South Kennethchester, VI 04087",2024-04-01
322,Elizabeth Wilson,qstrickland@example.net,"45258 Michael Freeway Suite 006 Jenniferview, WV 07157",2020-10-17
323,Lori Crawford,ynavarro@example.net,"3034 Rebecca Extensions Apt. 292 South Michelleville, MI 22149",2023-08-25
324,William Powell,lisa56@example.com,"78033 Harris Crescent Apt. 489 Grahamshire, TX 92996",2024-08-25
325,Donna Patel,johnsonclaire@example.com,"3552 Robert Estates Port Kathryn, DC 19357",2024-08-16
326,Edwin Torres,jenniferparker@example.org,"3417 Rita Forks Suite 374 Allisonberg, HI 77490",2020-09-04
327,Colleen Foley,daniel90@example.com,"384 Phillips View Suite 330 Myersfort, MI 18999",2020-07-28
328,Autumn Lopez,vgrant@example.net,Unit 0114 Box 7762 DPO AP 20870,2023-10-13
329,Rodney Mcdonald,jamievalentine@example.com,"9836 Rojas Street Suite 998 New Paul, IL 98437",2023-08-12
330,Adam Thompson,jonathanjones@example.org,"3482 Mercado Plaza Thomasshire, VI 23705",2023-06-14
331,Steven Goodwin,amandaday@example.net,"427 Klein Islands Apt. 253 Williamburgh, MP 14712",2023-12-20
332,Kelly Berger,morrislindsay@example.net,"964 Johnson Forks Suite 210 Andreaville, RI 33153",2022-04-26
333,Lisa Hunter,jessica65@example.com,"0864 Marc Rapids Suite 472 Susanside, IL 08583",2022-11-29
334,Troy Smith,joshua79@example.org,"368 Crane Estate Apt. 898 Lake Charles, DE 76107",2021-10-10
335,Rebecca Butler,amartinez@example.org,"83601 Kelley Roads Suite 234 Port Roberto, MH 97527",2021-08-11
336,Monica Myers,kathleen61@example.com,"365 Hernandez Plaza Kayleefurt, ND 29340",2021-03-28
337,Audrey Lopez,crystaldavies@example.org,"3605 Sabrina Roads Apt. 933 Port Jessicamouth, IN 18579",2020-08-03
338,Travis Jones,mwood@example.net,"93055 Preston Valleys West Earl, CT 46137",2020-10-15
339,Michael Thompson,tyler16@example.org,"04964 Rebecca Path Apt. 798 West John, PR 40853",2020-03-07
340,Lydia Trujillo,nwade@example.org,"003 Nancy Harbors Sallyhaven, NM 38686",2023-01-14
341,Renee Quinn,montgomeryjay@example.net,"248 Lopez Overpass Davidside, IN 73931",2021-01-20
342,Malik Coleman,pamelarichards@example.com,"11263 Gregory Plaza Suite 490 Reedfurt, PR 63445",2023-08-23
343,Kevin Larsen,daltonjason@example.com,"9164 Warren Viaduct Apt. 077 Garcialand, HI 02701",2021-08-17
344,Trevor Thompson,annenash@example.net,"1241 Jasmine Light Richardfort, WY 53262",2024-05-17
345,Andrea Nelson,paulhill@example.org,"989 Espinoza Crescent Apt. 784 East Jacqueline, RI 79343",2021-11-04
346,Susan Edwards,benjamin79@example.com,"468 Nicholas Land Suite 516 Port Brendastad, NE 07021",2023-04-01
347,Laura Butler,aprilpalmer@example.com,"790 Michael Turnpike Apt. 380 Dawnview, NM 49398",2021-03-25
348,Curtis Martinez,davidcoleman@example.org,"4142 Sarah Hill South Alecshire, WA 07460",2021-03-24
349,Danielle Howard,ufisher@example.com,"73761 Rhonda Ford Apt. 816 Patelside, ID 71590",2021-10-05
350,Tony Smith,dorisbrooks@example.net,"2685 Fisher Plains Suite 819 Charlesport, MS 92276",2020-02-07
351,Christopher Lewis,igonzales@example.org,"79010 Porter Pike Suite 200 South Amyborough, NH 63437",2020-02-10
352,Douglas Cook,robert89@example.org,"70961 Robinson Loaf Apt. 307 Maryburgh, AS 06304",2020-03-01
353,Nicole Robinson,comptontimothy@example.com,"6539 Davis Turnpike Traceyside, MT 29073",2023-10-17
354,Alan Willis,williamwright@example.net,"8803 Elizabeth Fort Suite 436 South Jamie, FL 20722",2020-03-15
355,Katherine Atkinson,fowlerkristina@example.org,"PSC 0332, Box 6410 APO AA 72824",2020-03-11
356,Stephanie Pierce,oliviagrant@example.org,"PSC 5477, Box 7786 APO AE 06618",2021-07-10
357,Michael Hanson,steven11@example.net,"905 Heather Track Apt. 736 North Mitchellberg, MH 07596",2021-06-24
358,Timothy Dawson,deborah85@example.com,"3787 Jasmine Haven Suite 951 Catherineville, PW 17844",2022-12-21
359,Cody Harris,jameswilson@example.com,"43743 Nicole Common Suite 864 Arthurberg, NY 21239",2021-03-10
360,Jillian Valencia,lorettalane@example.com,USNS Lee FPO AA 53443,2020-08-18
361,Amanda Barnes,smithkimberly@example.org,"2712 Ronnie Fall Suite 038 East Jasonview, NH 79058",2022-01-23
362,James Marshall,colin48@example.org,"0934 Ashley Port South Shane, MP 31075",2020-08-25
363,Emily Simpson,sallen@example.net,"91930 Joshua Locks Lake Shawnburgh, ID 57035",2024-03-22
364,Jacob Barrett,perrytiffany@example.com,"50058 Justin Unions Apt. 024 Cynthiahaven, TX 09742",2023-12-12
365,Donna Snyder,turneralejandra@example.com,"199 Olivia Streets Christopherbury, OR 69547",2023-05-11
366,Amber Nichols,annbaker@example.com,"62875 Davis Court West Allisonstad, MS 54632",2021-11-30
367,Jamie Miller,phillipsnicole@example.org,"1740 Lewis Rue Port Todd, ND 43940",2022-11-26
368,Kayla Melton,jonathan07@example.org,"72042 Rhonda Locks Suite 984 West Victoriastad, VA 04205",2021-02-23
369,David Bender,cheryl77@example.org,"3540 Emily Extension Webbview, TN 59878",2023-08-18
370,Brian Reynolds,sethross@example.com,"19217 Lindsey Brook West Timothyton, VA 68407",2023-01-09
371,Kenneth Evans,baileykevin@example.net,"95205 Barnett View Jeffreyfurt, DC 42863",2022-03-20
372,Christine Farrell,santosnancy@example.org,"741 James Vista Apt. 926 Davisport, VI 13996",2023-11-17
373,Jonathan Pierce,jonathanscott@example.org,"37360 Mason Radial Apt. 906 North Rebeccaborough, ME 01969",2020-02-17
374,Danny Hart,villarrealjulie@example.net,"2372 Christensen Rue Suite 156 West Morganview, NC 56869",2022-04-19
375,Casey Bush,zcampbell@example.net,"2673 Neal Plain Lake Angela, MI 30123",2021-09-05
376,Taylor Turner,aprilgarcia@example.com,"48107 Carl Unions South Lauren, MO 63295",2023-07-06
377,John Jordan,garyroberson@example.org,"67346 Robertson Prairie South Gailchester, IL 58315",2020-06-05
378,Nicole West,sandra84@example.com,"347 Mcdonald Heights Apt. 270 West Alyssa, MO 81892",2020-12-30
379,Joshua Bailey,mckenziedouglas@example.org,"669 Carter Port Apt. 921 South Michaelfurt, NM 44129",2022-05-07
380,Mary Lee,amyharmon@example.net,"971 Charles Centers Apt. 234 Higginshaven, KS 65180",2023-04-04
381,Patrick Martinez,josephnavarro@example.org,"1617 Jacob Pike Suite 473 Moralesmouth, MS 08593",2024-10-08
382,Justin Perez,vhughes@example.com,"04128 Brad Estate Apt. 134 South Kimberly, MN 85060",2023-11-03
383,Erik Bradley,madisonjohnson@example.net,"664 Browning Orchard Apt. 747 Lake Morgan, WA 58247",2024-04-02
384,Jennifer Smith,ruizronald@example.org,"119 Horton Fort Apt. 614 Riddleside, SD 44594",2024-05-12
385,John Miranda,sheiladominguez@example.com,"8327 Chapman Trafficway Gracechester, NH 44239",2021-12-21
386,Aaron Padilla,cortega@example.net,"28763 Jennifer Lake Suite 376 East Eugeneside, PW 75138",2024-10-02
387,Stephen Frank,chad75@example.org,"25932 Weeks Mews Phillipsside, CT 10125",2024-02-09
388,Michael Reese,alfreddunlap@example.net,"40619 Luke Forge Suite 044 New Doris, GU 08199",2020-11-18
389,Mr. Daniel Casey MD,brittany74@example.com,"603 Leblanc Neck Apt. 731 East Rachelhaven, WA 20349",2021-06-26
390,Zoe Jenkins,madelinecalderon@example.com,"6062 Jessica Vista Port Natasha, NH 94922",2020-07-24
391,Emily Brown,dominic75@example.net,"5741 Jones Station Apt. 069 East Samanthaside, OH 87719",2021-04-24
392,Taylor Beck,carpenterrachel@example.org,"0280 Mark Mountains West Shannontown, CA 47094",2022-02-06
393,Mark Walker,johnsonmelanie@example.com,"72634 Alyssa Rue South Austin, AL 61706",2023-08-22
394,Jason King,elizabeth91@example.net,"29032 John Dam Apt. 837 Proctorport, IA 12518",2021-10-17
395,Alicia Gregory,craig11@example.org,"PSC 5678, Box 1048 APO AP 05245",2023-06-01
396,Kevin Dixon,camposmark@example.org,"4828 Patrick Throughway Joshualand, IN 78625",2023-12-28
397,William Ward,ryangonzalez@example.org,"6983 Leah Locks West Alexander, HI 37835",2021-04-30
398,Catherine Edwards,lucasfox@example.org,"485 Mark Fords Apt. 565 Rogersside, MI 58629",2023-08-03
399,Walter Chandler,phamstanley@example.org,"8656 Mary Radial Leslieview, SC 49001",2024-03-20
400,Michael Fischer,jason32@example.com,"576 Marcus Court Apt. 928 Kevinbury, NM 51809",2021-06-25
